Category: All categories

Week,Sunburn Festival: (India)
2024-12-29,73
2025-01-05,12
2025-01-12,12
2025-01-19,11
2025-01-26,11
2025-02-02,0
2025-02-09,0
2025-02-16,0
2025-02-23,0
2025-03-02,0
2025-03-09,24
2025-03-16,12
2025-03-23,11
2025-03-30,0
2025-04-06,0
2025-04-13,0
2025-04-20,16
2025-04-27,0
2025-05-04,0
2025-05-11,0
2025-05-18,0
2025-05-25,0
2025-06-01,0
2025-06-08,0
2025-06-15,17
2025-06-22,0
2025-06-29,11
2025-07-06,0
2025-07-13,0
2025-07-20,10
2025-07-27,19
2025-08-03,100
2025-08-10,58
2025-08-17,19
2025-08-24,13
2025-08-31,14
2025-09-07,12
2025-09-14,11
2025-09-21,16
2025-09-28,14
2025-10-05,10
2025-10-12,0
2025-10-19,20
2025-10-26,12
2025-11-02,17
2025-11-09,23
2025-11-16,19
2025-11-23,23
2025-11-30,25
2025-12-07,32
2025-12-14,89
2025-12-21,55
2025-12-28,26
